FREQ,AMP_MULT,DLY,PHASE
788.000000,0.906969,110,-12.349807

