FREQ,AMP_MULT,DLY,PHASE
500,1.000000,20,-1.424759
550,1.000000,20,-1.424759
560,1.000000,20,-1.424759
570,1.000000,20,-1.424759
