FREQ,AMP_MULT,DLY,PHASE
500,0.5,20,-1.424759
550,0.5,20,-1.424759
560,0.5,20,-1.424759
570,0.5,20,-1.424759
