FREQ,AMP_MULT,DLY,PHASE
796.728516,0.600000,101,-11.464972
818.261719,0.600000,102,-11.891419
