FREQ,AMP_MULT,DLY,PHASE
500,0.570776,41,-2.920755
550,0.528545,28,-2.194128
