FREQ,AMP_MULT,DLY,PHASE
818.261719,0.600000,101,-11.774837
